name,digits,dividend,divisor,expected
Division_1d_1,1,4,5,0
Division_1d_2,1,4,4,1
Division_1d_3,1,1,9,0
Division_1d_4,1,6,2,3
Division_1d_5,1,7,4,1
Division_1d_6,1,7,9,0
Division_1d_7,1,5,6,0
Division_1d_8,1,8,2,4
Division_1d_9,1,6,6,1
Division_1d_10,1,8,9,0
Division_1d_11,1,8,2,4
Division_1d_12,1,8,5,1
Division_1d_13,1,4,2,2
Division_1d_14,1,2,3,0
Division_1d_15,1,9,6,1
Division_1d_16,1,6,3,2
Division_1d_17,1,3,9,0
Division_1d_18,1,9,2,4
Division_1d_19,1,9,3,3
Division_1d_20,1,6,5,1
Division_1d_21,1,9,9,1
Division_1d_22,1,5,5,1
Division_1d_23,1,3,9,0
Division_1d_24,1,5,5,1
Division_1d_25,1,1,3,0
Division_1d_26,1,3,3,1
Division_1d_27,1,6,6,1
Division_1d_28,1,8,5,1
Division_1d_29,1,9,9,1
Division_1d_30,1,4,2,2
Division_1d_31,1,7,8,0
Division_1d_32,1,8,4,2
Division_1d_33,1,9,5,1
Division_1d_34,1,1,2,0
Division_1d_35,1,7,9,0
Division_1d_36,1,6,8,0
Division_1d_37,1,3,8,0
Division_1d_38,1,3,4,0
Division_1d_39,1,2,9,0
Division_1d_40,1,3,9,0
Division_1d_41,1,8,5,1
Division_1d_42,1,6,5,1
Division_1d_43,1,5,2,2
Division_1d_44,1,4,4,1
Division_1d_45,1,4,7,0
Division_1d_46,1,9,8,1
Division_1d_47,1,3,8,0
Division_1d_48,1,1,9,0
Division_1d_49,1,4,8,0
Division_1d_50,1,4,2,2
Division_1d_51,1,7,6,1
Division_1d_52,1,5,3,1
Division_1d_53,1,3,6,0
Division_1d_54,1,6,8,0
Division_1d_55,1,6,9,0
Division_1d_56,1,6,3,2
Division_1d_57,1,2,6,0
Division_1d_58,1,2,8,0
Division_1d_59,1,6,8,0
Division_1d_60,1,7,6,1
Division_1d_61,1,3,8,0
Division_1d_62,1,7,2,3
Division_1d_63,1,2,3,0
Division_1d_64,1,5,2,2
Division_1d_65,1,9,6,1
Division_1d_66,1,9,8,1
Division_1d_67,1,5,8,0
Division_1d_68,1,7,4,1
Division_1d_69,1,2,6,0
Division_1d_70,1,1,4,0
Division_1d_71,1,8,9,0
Division_1d_72,1,7,7,1
Division_1d_73,1,1,7,0
Division_1d_74,1,1,2,0
Division_1d_75,1,4,4,1
Division_1d_76,1,8,5,1
Division_1d_77,1,8,7,1
Division_1d_78,1,9,7,1
Division_1d_79,1,3,9,0
Division_1d_80,1,8,9,0
Division_1d_81,1,1,4,0
Division_1d_82,1,6,6,1
Division_1d_83,1,5,4,1
Division_1d_84,1,6,6,1
Division_1d_85,1,9,6,1
Division_1d_86,1,3,3,1
Division_1d_87,1,8,7,1
Division_1d_88,1,4,8,0
Division_1d_89,1,9,3,3
Division_1d_90,1,3,4,0
Division_1d_91,1,7,9,0
Division_1d_92,1,8,7,1
Division_1d_93,1,7,5,1
Division_1d_94,1,3,9,0
Division_1d_95,1,2,3,0
Division_1d_96,1,3,8,0
Division_1d_97,1,5,8,0
Division_1d_98,1,9,3,3
Division_1d_99,1,3,9,0
Division_1d_100,1,2,6,0
Division_1d_101,1,5,7,0
Division_1d_102,1,2,9,0
Division_1d_103,1,6,6,1
Division_1d_104,1,5,7,0
Division_1d_105,1,8,3,2
Division_1d_106,1,1,3,0
Division_1d_107,1,2,6,0
Division_1d_108,1,1,2,0
Division_1d_109,1,1,4,0
Division_1d_110,1,1,8,0
Division_1d_111,1,2,9,0
Division_1d_112,1,1,3,0
Division_1d_113,1,9,2,4
Division_1d_114,1,6,2,3
Division_1d_115,1,3,5,0
Division_1d_116,1,3,5,0
Division_1d_117,1,9,6,1
Division_1d_118,1,4,6,0
Division_1d_119,1,2,3,0
Division_1d_120,1,7,8,0
Division_1d_121,1,2,2,1
Division_1d_122,1,3,9,0
Division_1d_123,1,6,3,2
Division_1d_124,1,6,6,1
Division_1d_125,1,5,6,0
Division_1d_126,1,6,9,0
Division_1d_127,1,4,3,1
Division_1d_128,1,9,8,1
Division_1d_129,1,6,3,2
Division_1d_130,1,7,5,1
Division_1d_131,1,5,8,0
Division_1d_132,1,5,4,1
Division_1d_133,1,4,4,1
Division_1d_134,1,8,2,4
Division_1d_135,1,5,3,1
Division_1d_136,1,5,4,1
Division_1d_137,1,1,8,0
Division_1d_138,1,5,7,0
Division_1d_139,1,2,9,0
Division_1d_140,1,8,7,1
Division_1d_141,1,5,6,0
Division_1d_142,1,2,4,0
Division_1d_143,1,2,6,0
Division_1d_144,1,6,5,1
Division_1d_145,1,6,5,1
Division_1d_146,1,9,9,1
Division_1d_147,1,1,7,0
Division_1d_148,1,9,7,1
Division_1d_149,1,9,6,1
Division_1d_150,1,8,6,1
Division_1d_151,1,6,8,0
Division_1d_152,1,4,2,2
Division_1d_153,1,9,9,1
Division_1d_154,1,5,7,0
Division_1d_155,1,3,5,0
Division_1d_156,1,3,8,0
Division_1d_157,1,8,5,1
Division_1d_158,1,6,8,0
Division_1d_159,1,7,4,1
Division_1d_160,1,9,2,4
Division_1d_161,1,7,2,3
Division_1d_162,1,3,9,0
Division_1d_163,1,2,2,1
Division_1d_164,1,8,3,2
Division_1d_165,1,4,9,0
Division_1d_166,1,9,5,1
Division_1d_167,1,6,3,2
Division_1d_168,1,1,3,0
Division_1d_169,1,2,5,0
Division_1d_170,1,5,5,1
Division_1d_171,1,9,6,1
Division_1d_172,1,9,2,4
Division_1d_173,1,7,6,1
Division_1d_174,1,7,6,1
Division_1d_175,1,6,3,2
Division_1d_176,1,9,9,1
Division_1d_177,1,7,2,3
Division_1d_178,1,5,6,0
Division_1d_179,1,8,6,1
Division_1d_180,1,1,6,0
Division_1d_181,1,9,3,3
Division_1d_182,1,4,5,0
Division_1d_183,1,5,5,1
Division_1d_184,1,5,7,0
Division_1d_185,1,4,6,0
Division_1d_186,1,6,9,0
Division_1d_187,1,6,2,3
Division_1d_188,1,5,7,0
Division_1d_189,1,1,6,0
Division_1d_190,1,4,7,0
Division_1d_191,1,2,2,1
Division_1d_192,1,8,5,1
Division_1d_193,1,1,7,0
Division_1d_194,1,4,2,2
Division_1d_195,1,4,7,0
Division_1d_196,1,9,8,1
Division_1d_197,1,3,6,0
Division_1d_198,1,9,7,1
Division_1d_199,1,4,8,0
Division_1d_200,1,5,3,1
Division_1d_201,1,1,6,0
Division_1d_202,1,9,3,3
Division_1d_203,1,4,8,0
Division_1d_204,1,5,4,1
Division_1d_205,1,7,9,0
Division_1d_206,1,9,8,1
Division_1d_207,1,4,6,0
Division_1d_208,1,3,7,0
Division_1d_209,1,2,8,0
Division_1d_210,1,6,8,0
Division_1d_211,1,5,9,0
Division_1d_212,1,9,4,2
Division_1d_213,1,3,6,0
Division_1d_214,1,8,6,1
Division_1d_215,1,3,2,1
Division_1d_216,1,2,4,0
Division_1d_217,1,6,3,2
Division_1d_218,1,7,4,1
Division_1d_219,1,8,7,1
Division_1d_220,1,2,4,0
Division_1d_221,1,5,3,1
Division_1d_222,1,7,5,1
Division_1d_223,1,2,2,1
Division_1d_224,1,8,6,1
Division_1d_225,1,3,5,0
Division_1d_226,1,2,4,0
Division_1d_227,1,7,5,1
Division_1d_228,1,3,8,0
Division_1d_229,1,1,4,0
Division_1d_230,1,5,8,0
Division_1d_231,1,1,3,0
Division_1d_232,1,2,2,1
Division_1d_233,1,4,2,2
Division_1d_234,1,4,2,2
Division_1d_235,1,2,5,0
Division_1d_236,1,2,7,0
Division_1d_237,1,6,4,1
Division_1d_238,1,8,4,2
Division_1d_239,1,7,6,1
Division_1d_240,1,8,8,1
Division_1d_241,1,9,6,1
Division_1d_242,1,1,9,0
Division_1d_243,1,9,5,1
Division_1d_244,1,7,4,1
Division_1d_245,1,8,5,1
Division_1d_246,1,1,5,0
Division_1d_247,1,7,8,0
Division_1d_248,1,6,6,1
Division_1d_249,1,8,3,2
Division_1d_250,1,6,8,0
Division_1d_251,1,5,4,1
Division_1d_252,1,5,8,0
Division_1d_253,1,8,5,1
Division_1d_254,1,8,9,0
Division_1d_255,1,4,9,0
Division_1d_256,1,9,5,1
Division_1d_257,1,4,4,1
Division_1d_258,1,8,4,2
Division_1d_259,1,8,4,2
Division_1d_260,1,9,2,4
Division_1d_261,1,6,8,0
Division_1d_262,1,5,7,0
Division_1d_263,1,2,2,1
Division_1d_264,1,5,8,0
Division_1d_265,1,7,4,1
Division_1d_266,1,7,7,1
Division_1d_267,1,7,4,1
Division_1d_268,1,6,4,1
Division_1d_269,1,2,8,0
Division_1d_270,1,8,4,2
Division_1d_271,1,8,3,2
Division_1d_272,1,4,7,0
Division_1d_273,1,7,8,0
Division_1d_274,1,1,9,0
Division_1d_275,1,8,3,2
Division_1d_276,1,2,2,1
Division_1d_277,1,7,7,1
Division_1d_278,1,1,6,0
Division_1d_279,1,7,9,0
Division_1d_280,1,6,6,1
Division_1d_281,1,8,7,1
Division_1d_282,1,1,7,0
Division_1d_283,1,2,2,1
Division_1d_284,1,9,4,2
Division_1d_285,1,5,5,1
Division_1d_286,1,2,9,0
Division_1d_287,1,2,8,0
Division_1d_288,1,1,6,0
Division_1d_289,1,8,5,1
Division_1d_290,1,1,8,0
Division_1d_291,1,6,8,0
Division_1d_292,1,6,3,2
Division_1d_293,1,9,8,1
Division_1d_294,1,3,6,0
Division_1d_295,1,3,2,1
Division_1d_296,1,4,4,1
Division_1d_297,1,4,7,0
Division_1d_298,1,2,2,1
Division_1d_299,1,4,5,0
Division_1d_300,1,7,2,3
Division_1d_301,1,5,3,1
Division_1d_302,1,3,2,1
Division_1d_303,1,6,2,3
Division_1d_304,1,7,3,2
Division_1d_305,1,1,4,0
Division_1d_306,1,7,2,3
Division_1d_307,1,1,8,0
Division_1d_308,1,8,6,1
Division_1d_309,1,1,9,0
Division_1d_310,1,1,6,0
Division_1d_311,1,5,3,1
Division_1d_312,1,8,2,4
Division_1d_313,1,7,2,3
Division_1d_314,1,9,6,1
Division_1d_315,1,9,6,1
Division_1d_316,1,7,8,0
Division_1d_317,1,7,9,0
Division_1d_318,1,4,3,1
Division_1d_319,1,6,8,0
Division_1d_320,1,9,2,4
Division_1d_321,1,4,9,0
Division_1d_322,1,1,6,0
Division_1d_323,1,1,3,0
Division_1d_324,1,9,4,2
Division_1d_325,1,9,7,1
Division_1d_326,1,4,7,0
Division_1d_327,1,4,8,0
Division_1d_328,1,8,2,4
Division_1d_329,1,8,6,1
Division_1d_330,1,8,2,4
Division_1d_331,1,3,8,0
Division_1d_332,1,2,9,0
Division_1d_333,1,6,6,1
Division_1d_334,1,4,3,1
Division_1d_335,1,1,2,0
Division_1d_336,1,3,9,0
Division_1d_337,1,5,8,0
Division_1d_338,1,4,2,2
Division_1d_339,1,1,2,0
Division_1d_340,1,6,7,0
Division_1d_341,1,2,2,1
Division_1d_342,1,6,3,2
Division_1d_343,1,9,7,1
Division_1d_344,1,4,2,2
Division_1d_345,1,7,3,2
Division_1d_346,1,5,9,0
Division_1d_347,1,1,3,0
Division_1d_348,1,9,2,4
Division_1d_349,1,5,3,1
Division_1d_350,1,1,7,0
Division_1d_351,1,1,4,0
Division_1d_352,1,4,3,1
Division_1d_353,1,4,9,0
Division_1d_354,1,7,8,0
Division_1d_355,1,2,2,1
Division_1d_356,1,1,4,0
Division_1d_357,1,9,6,1
Division_1d_358,1,6,9,0
Division_1d_359,1,6,2,3
Division_1d_360,1,3,6,0
Division_1d_361,1,4,8,0
Division_1d_362,1,9,7,1
Division_1d_363,1,9,7,1
Division_1d_364,1,8,2,4
Division_1d_365,1,8,8,1
Division_1d_366,1,5,7,0
Division_1d_367,1,7,7,1
Division_1d_368,1,8,7,1
Division_1d_369,1,1,3,0
Division_1d_370,1,9,2,4
Division_1d_371,1,9,5,1
Division_1d_372,1,1,3,0
Division_1d_373,1,4,4,1
Division_1d_374,1,3,6,0
Division_1d_375,1,7,5,1
Division_1d_376,1,3,4,0
Division_1d_377,1,5,9,0
Division_1d_378,1,4,4,1
Division_1d_379,1,6,8,0
Division_1d_380,1,5,2,2
Division_1d_381,1,9,3,3
Division_1d_382,1,2,2,1
Division_1d_383,1,5,9,0
Division_1d_384,1,6,9,0
Division_1d_385,1,8,7,1
Division_1d_386,1,8,7,1
Division_1d_387,1,2,2,1
Division_1d_388,1,9,3,3
Division_1d_389,1,9,4,2
Division_1d_390,1,4,5,0
Division_1d_391,1,5,4,1
Division_1d_392,1,3,8,0
Division_1d_393,1,6,9,0
Division_1d_394,1,2,7,0
Division_1d_395,1,2,9,0
Division_1d_396,1,1,3,0
Division_1d_397,1,4,5,0
Division_1d_398,1,4,4,1
Division_1d_399,1,1,6,0
Division_1d_400,1,4,7,0
Division_1d_401,1,8,9,0
Division_1d_402,1,3,4,0
Division_1d_403,1,6,4,1
Division_1d_404,1,7,7,1
Division_1d_405,1,2,9,0
Division_1d_406,1,9,5,1
Division_1d_407,1,4,2,2
Division_1d_408,1,4,5,0
Division_1d_409,1,2,8,0
Division_1d_410,1,7,3,2
Division_1d_411,1,6,5,1
Division_1d_412,1,1,9,0
Division_1d_413,1,5,5,1
Division_1d_414,1,6,2,3
Division_1d_415,1,4,8,0
Division_1d_416,1,8,2,4
Division_1d_417,1,5,7,0
Division_1d_418,1,8,3,2
Division_1d_419,1,2,4,0
Division_1d_420,1,8,3,2
Division_1d_421,1,8,9,0
Division_1d_422,1,1,7,0
Division_1d_423,1,8,6,1
Division_1d_424,1,3,9,0
Division_1d_425,1,3,5,0
Division_1d_426,1,1,7,0
Division_1d_427,1,4,3,1
Division_1d_428,1,3,9,0
Division_1d_429,1,7,7,1
Division_1d_430,1,9,5,1
Division_1d_431,1,4,4,1
Division_1d_432,1,1,8,0
Division_1d_433,1,5,3,1
Division_1d_434,1,3,3,1
Division_1d_435,1,7,3,2
Division_1d_436,1,2,7,0
Division_1d_437,1,4,3,1
Division_1d_438,1,7,8,0
Division_1d_439,1,4,6,0
Division_1d_440,1,4,7,0
Division_1d_441,1,5,3,1
Division_1d_442,1,9,5,1
Division_1d_443,1,4,4,1
Division_1d_444,1,3,8,0
Division_1d_445,1,9,4,2
Division_1d_446,1,1,4,0
Division_1d_447,1,2,2,1
Division_1d_448,1,4,5,0
Division_1d_449,1,5,7,0
Division_1d_450,1,1,7,0
Division_1d_451,1,7,5,1
Division_1d_452,1,2,2,1
Division_1d_453,1,6,9,0
Division_1d_454,1,8,6,1
Division_1d_455,1,3,9,0
Division_1d_456,1,9,7,1
Division_1d_457,1,2,6,0
Division_1d_458,1,6,7,0
Division_1d_459,1,2,9,0
Division_1d_460,1,2,2,1
Division_1d_461,1,1,4,0
Division_1d_462,1,7,5,1
Division_1d_463,1,3,2,1
Division_1d_464,1,8,5,1
Division_1d_465,1,5,4,1
Division_1d_466,1,8,8,1
Division_1d_467,1,5,6,0
Division_1d_468,1,7,2,3
Division_1d_469,1,6,2,3
Division_1d_470,1,9,6,1
Division_1d_471,1,9,2,4
Division_1d_472,1,8,4,2
Division_1d_473,1,4,8,0
Division_1d_474,1,8,6,1
Division_1d_475,1,4,6,0
Division_1d_476,1,4,9,0
Division_1d_477,1,1,9,0
Division_1d_478,1,8,9,0
Division_1d_479,1,2,7,0
Division_1d_480,1,6,4,1
Division_1d_481,1,7,9,0
Division_1d_482,1,3,4,0
Division_1d_483,1,7,8,0
Division_1d_484,1,3,2,1
Division_1d_485,1,9,6,1
Division_1d_486,1,4,3,1
Division_1d_487,1,6,2,3
Division_1d_488,1,5,2,2
Division_1d_489,1,4,3,1
Division_1d_490,1,6,2,3
Division_1d_491,1,1,8,0
Division_1d_492,1,8,8,1
Division_1d_493,1,1,2,0
Division_1d_494,1,5,8,0
Division_1d_495,1,4,6,0
Division_1d_496,1,6,9,0
Division_1d_497,1,6,2,3
Division_1d_498,1,6,9,0
Division_1d_499,1,8,2,4
Division_1d_500,1,3,9,0
Division_1d_501,1,1,5,0
Division_1d_502,1,3,5,0
Division_1d_503,1,4,9,0
Division_1d_504,1,1,9,0
Division_1d_505,1,3,3,1
Division_1d_506,1,6,8,0
Division_1d_507,1,7,5,1
Division_1d_508,1,8,9,0
Division_1d_509,1,8,6,1
Division_1d_510,1,1,3,0
Division_1d_511,1,5,3,1
Division_1d_512,1,7,6,1
Division_1d_513,1,2,6,0
Division_1d_514,1,3,5,0
Division_1d_515,1,9,8,1
Division_1d_516,1,5,2,2
Division_1d_517,1,3,4,0
Division_1d_518,1,5,7,0
Division_1d_519,1,7,3,2
Division_1d_520,1,6,5,1
Division_1d_521,1,9,7,1
Division_1d_522,1,3,9,0
Division_1d_523,1,7,4,1
Division_1d_524,1,7,5,1
Division_1d_525,1,6,6,1
Division_1d_526,1,7,2,3
Division_1d_527,1,7,6,1
Division_1d_528,1,2,2,1
Division_1d_529,1,6,7,0
Division_1d_530,1,7,8,0
Division_1d_531,1,9,7,1
Division_1d_532,1,5,2,2
Division_1d_533,1,8,4,2
Division_1d_534,1,1,4,0
Division_1d_535,1,2,9,0
Division_1d_536,1,8,7,1
Division_1d_537,1,4,4,1
Division_1d_538,1,2,7,0
Division_1d_539,1,1,4,0
Division_1d_540,1,5,3,1
Division_1d_541,1,9,6,1
Division_1d_542,1,8,8,1
Division_1d_543,1,6,7,0
Division_1d_544,1,4,8,0
Division_1d_545,1,6,6,1
Division_1d_546,1,4,5,0
Division_1d_547,1,1,9,0
Division_1d_548,1,2,2,1
Division_1d_549,1,1,5,0
Division_1d_550,1,3,2,1
Division_1d_551,1,8,6,1
Division_1d_552,1,2,3,0
Division_1d_553,1,2,6,0
Division_1d_554,1,7,3,2
Division_1d_555,1,6,2,3
Division_1d_556,1,8,2,4
Division_1d_557,1,4,7,0
Division_1d_558,1,6,6,1
Division_1d_559,1,2,7,0
Division_1d_560,1,3,4,0
Division_1d_561,1,9,3,3
Division_1d_562,1,6,9,0
Division_1d_563,1,3,2,1
Division_1d_564,1,3,7,0
Division_1d_565,1,9,5,1
Division_1d_566,1,5,3,1
Division_1d_567,1,6,7,0
Division_1d_568,1,9,5,1
Division_1d_569,1,3,5,0
Division_1d_570,1,8,8,1
Division_1d_571,1,2,2,1
Division_1d_572,1,6,8,0
Division_1d_573,1,7,6,1
Division_1d_574,1,8,5,1
Division_1d_575,1,9,6,1
Division_1d_576,1,4,2,2
Division_1d_577,1,9,6,1
Division_1d_578,1,9,9,1
Division_1d_579,1,8,8,1
Division_1d_580,1,1,3,0
Division_1d_581,1,1,2,0
Division_1d_582,1,1,2,0
Division_1d_583,1,5,5,1
Division_1d_584,1,2,6,0
Division_1d_585,1,1,7,0
Division_1d_586,1,1,8,0
Division_1d_587,1,2,5,0
Division_1d_588,1,9,7,1
Division_1d_589,1,6,4,1
Division_1d_590,1,5,7,0
Division_1d_591,1,2,5,0
Division_1d_592,1,9,7,1
Division_1d_593,1,8,7,1
Division_1d_594,1,3,3,1
Division_1d_595,1,1,3,0
Division_1d_596,1,7,5,1
Division_1d_597,1,8,8,1
Division_1d_598,1,4,4,1
Division_1d_599,1,9,5,1
Division_1d_600,1,6,8,0
Division_1d_601,1,3,4,0
Division_1d_602,1,7,4,1
Division_1d_603,1,7,2,3
Division_1d_604,1,3,7,0
Division_1d_605,1,6,8,0
Division_1d_606,1,4,5,0
Division_1d_607,1,4,6,0
Division_1d_608,1,8,7,1
Division_1d_609,1,4,8,0
Division_1d_610,1,8,4,2
Division_1d_611,1,3,5,0
Division_1d_612,1,1,2,0
Division_1d_613,1,8,7,1
Division_1d_614,1,5,7,0
Division_1d_615,1,2,4,0
Division_1d_616,1,6,2,3
Division_1d_617,1,4,2,2
Division_1d_618,1,2,7,0
Division_1d_619,1,6,5,1
Division_1d_620,1,3,8,0
Division_1d_621,1,1,8,0
Division_1d_622,1,8,5,1
Division_1d_623,1,6,9,0
Division_1d_624,1,6,9,0
Division_1d_625,1,4,8,0
Division_1d_626,1,9,7,1
Division_1d_627,1,1,4,0
Division_1d_628,1,7,3,2
Division_1d_629,1,2,3,0
Division_1d_630,1,2,6,0
Division_1d_631,1,4,7,0
Division_1d_632,1,9,6,1
Division_1d_633,1,7,2,3
Division_1d_634,1,5,4,1
Division_1d_635,1,4,9,0
Division_1d_636,1,5,4,1
Division_1d_637,1,1,8,0
Division_1d_638,1,1,2,0
Division_1d_639,1,8,4,2
Division_1d_640,1,8,2,4
Division_1d_641,1,6,6,1
Division_1d_642,1,2,4,0
Division_1d_643,1,9,7,1
Division_1d_644,1,4,4,1
Division_1d_645,1,6,3,2
Division_1d_646,1,9,5,1
Division_1d_647,1,4,7,0
Division_1d_648,1,7,5,1
Division_1d_649,1,8,9,0
Division_1d_650,1,3,6,0
Division_1d_651,1,5,4,1
Division_1d_652,1,6,3,2
Division_1d_653,1,7,9,0
Division_1d_654,1,8,4,2
Division_1d_655,1,3,6,0
Division_1d_656,1,9,4,2
Division_1d_657,1,4,7,0
Division_1d_658,1,6,4,1
Division_1d_659,1,9,8,1
Division_1d_660,1,1,8,0
Division_1d_661,1,1,2,0
Division_1d_662,1,7,6,1
Division_1d_663,1,1,9,0
Division_1d_664,1,6,2,3
Division_1d_665,1,4,7,0
Division_1d_666,1,2,8,0
Division_1d_667,1,4,4,1
Division_1d_668,1,7,2,3
Division_1d_669,1,2,5,0
Division_1d_670,1,6,5,1
Division_1d_671,1,1,9,0
Division_1d_672,1,7,5,1
Division_1d_673,1,7,6,1
Division_1d_674,1,4,6,0
Division_1d_675,1,6,4,1
Division_1d_676,1,5,3,1
Division_1d_677,1,5,8,0
Division_1d_678,1,6,4,1
Division_1d_679,1,7,2,3
Division_1d_680,1,5,3,1
Division_1d_681,1,5,6,0
Division_1d_682,1,6,4,1
Division_1d_683,1,5,5,1
Division_1d_684,1,3,4,0
Division_1d_685,1,7,4,1
Division_1d_686,1,1,5,0
Division_1d_687,1,9,3,3
Division_1d_688,1,9,5,1
Division_1d_689,1,7,2,3
Division_1d_690,1,6,5,1
Division_1d_691,1,9,7,1
Division_1d_692,1,4,3,1
Division_1d_693,1,4,4,1
Division_1d_694,1,5,7,0
Division_1d_695,1,2,8,0
Division_1d_696,1,7,6,1
Division_1d_697,1,2,5,0
Division_1d_698,1,3,3,1
Division_1d_699,1,6,5,1
Division_1d_700,1,7,9,0
Division_1d_701,1,2,8,0
Division_1d_702,1,3,7,0
Division_1d_703,1,4,4,1
Division_1d_704,1,4,4,1
Division_1d_705,1,2,2,1
Division_1d_706,1,7,6,1
Division_1d_707,1,1,3,0
Division_1d_708,1,3,9,0
Division_1d_709,1,7,9,0
Division_1d_710,1,6,4,1
Division_1d_711,1,3,6,0
Division_1d_712,1,8,8,1
Division_1d_713,1,5,4,1
Division_1d_714,1,1,6,0
Division_1d_715,1,7,6,1
Division_1d_716,1,8,8,1
Division_1d_717,1,7,9,0
Division_1d_718,1,4,5,0
Division_1d_719,1,3,5,0
Division_1d_720,1,5,4,1
Division_1d_721,1,9,5,1
Division_1d_722,1,3,2,1
Division_1d_723,1,5,3,1
Division_1d_724,1,1,7,0
Division_1d_725,1,9,6,1
Division_1d_726,1,7,4,1
Division_1d_727,1,6,7,0
Division_1d_728,1,5,6,0
Division_1d_729,1,3,7,0
Division_1d_730,1,3,6,0
Division_1d_731,1,9,2,4
Division_1d_732,1,7,9,0
Division_1d_733,1,7,3,2
Division_1d_734,1,4,4,1
Division_1d_735,1,4,5,0
Division_1d_736,1,9,6,1
Division_1d_737,1,7,4,1
Division_1d_738,1,5,4,1
Division_1d_739,1,8,7,1
Division_1d_740,1,5,3,1
Division_1d_741,1,7,5,1
Division_1d_742,1,7,9,0
Division_1d_743,1,5,6,0
Division_1d_744,1,3,8,0
Division_1d_745,1,3,5,0
Division_1d_746,1,2,2,1
Division_1d_747,1,7,3,2
Division_1d_748,1,6,2,3
Division_1d_749,1,7,4,1
Division_1d_750,1,5,2,2
Division_1d_751,1,6,2,3
Division_1d_752,1,6,5,1
Division_1d_753,1,1,3,0
Division_1d_754,1,1,2,0
Division_1d_755,1,1,8,0
Division_1d_756,1,8,3,2
Division_1d_757,1,4,5,0
Division_1d_758,1,6,7,0
Division_1d_759,1,3,2,1
Division_1d_760,1,6,2,3
Division_1d_761,1,2,3,0
Division_1d_762,1,1,2,0
Division_1d_763,1,5,5,1
Division_1d_764,1,2,3,0
Division_1d_765,1,1,8,0
Division_1d_766,1,7,7,1
Division_1d_767,1,8,5,1
Division_1d_768,1,6,3,2
Division_1d_769,1,2,3,0
Division_1d_770,1,7,7,1
Division_1d_771,1,4,3,1
Division_1d_772,1,3,6,0
Division_1d_773,1,6,8,0
Division_1d_774,1,7,5,1
Division_1d_775,1,6,8,0
Division_1d_776,1,4,6,0
Division_1d_777,1,2,3,0
Division_1d_778,1,2,7,0
Division_1d_779,1,7,7,1
Division_1d_780,1,1,3,0
Division_1d_781,1,5,2,2
Division_1d_782,1,8,4,2
Division_1d_783,1,3,3,1
Division_1d_784,1,8,6,1
Division_1d_785,1,4,8,0
Division_1d_786,1,2,4,0
Division_1d_787,1,8,8,1
Division_1d_788,1,8,9,0
Division_1d_789,1,2,2,1
Division_1d_790,1,7,4,1
Division_1d_791,1,2,2,1
Division_1d_792,1,9,2,4
Division_1d_793,1,5,6,0
Division_1d_794,1,7,7,1
Division_1d_795,1,8,2,4
Division_1d_796,1,6,3,2
Division_1d_797,1,6,6,1
Division_1d_798,1,5,9,0
Division_1d_799,1,2,4,0
Division_1d_800,1,6,3,2
Division_1d_801,1,4,6,0
Division_1d_802,1,7,4,1
Division_1d_803,1,4,9,0
Division_1d_804,1,8,4,2
Division_1d_805,1,6,6,1
Division_1d_806,1,6,7,0
Division_1d_807,1,8,7,1
Division_1d_808,1,8,4,2
Division_1d_809,1,8,9,0
Division_1d_810,1,4,2,2
Division_1d_811,1,1,4,0
Division_1d_812,1,2,7,0
Division_1d_813,1,5,4,1
Division_1d_814,1,7,5,1
Division_1d_815,1,1,3,0
Division_1d_816,1,7,4,1
Division_1d_817,1,9,6,1
Division_1d_818,1,1,6,0
Division_1d_819,1,2,5,0
Division_1d_820,1,6,2,3
Division_1d_821,1,1,5,0
Division_1d_822,1,2,2,1
Division_1d_823,1,6,5,1
Division_1d_824,1,5,5,1
Division_1d_825,1,1,5,0
Division_1d_826,1,3,5,0
Division_1d_827,1,7,5,1
Division_1d_828,1,1,2,0
Division_1d_829,1,4,3,1
Division_1d_830,1,1,8,0
Division_1d_831,1,7,2,3
Division_1d_832,1,8,4,2
Division_1d_833,1,7,5,1
Division_1d_834,1,2,6,0
Division_1d_835,1,5,2,2
Division_1d_836,1,1,2,0
Division_1d_837,1,2,6,0
Division_1d_838,1,6,6,1
Division_1d_839,1,7,6,1
Division_1d_840,1,2,6,0
Division_1d_841,1,4,2,2
Division_1d_842,1,4,8,0
Division_1d_843,1,9,2,4
Division_1d_844,1,8,6,1
Division_1d_845,1,5,2,2
Division_1d_846,1,7,4,1
Division_1d_847,1,8,7,1
Division_1d_848,1,6,5,1
Division_1d_849,1,5,9,0
Division_1d_850,1,3,7,0
Division_1d_851,1,9,7,1
Division_1d_852,1,9,3,3
Division_1d_853,1,3,3,1
Division_1d_854,1,8,7,1
Division_1d_855,1,4,4,1
Division_1d_856,1,8,3,2
Division_1d_857,1,8,5,1
Division_1d_858,1,1,6,0
Division_1d_859,1,4,2,2
Division_1d_860,1,8,2,4
Division_1d_861,1,9,5,1
Division_1d_862,1,1,5,0
Division_1d_863,1,3,6,0
Division_1d_864,1,1,6,0
Division_1d_865,1,2,7,0
Division_1d_866,1,5,6,0
Division_1d_867,1,8,6,1
Division_1d_868,1,5,9,0
Division_1d_869,1,5,7,0
Division_1d_870,1,5,7,0
Division_1d_871,1,4,5,0
Division_1d_872,1,9,9,1
Division_1d_873,1,1,7,0
Division_1d_874,1,5,3,1
Division_1d_875,1,5,6,0
Division_1d_876,1,3,5,0
Division_1d_877,1,9,9,1
Division_1d_878,1,6,8,0
Division_1d_879,1,8,7,1
Division_1d_880,1,1,4,0
Division_1d_881,1,1,9,0
Division_1d_882,1,3,6,0
Division_1d_883,1,2,9,0
Division_1d_884,1,9,5,1
Division_1d_885,1,2,5,0
Division_1d_886,1,9,9,1
Division_1d_887,1,5,9,0
Division_1d_888,1,9,4,2
Division_1d_889,1,5,6,0
Division_1d_890,1,7,6,1
Division_1d_891,1,1,4,0
Division_1d_892,1,5,7,0
Division_1d_893,1,2,9,0
Division_1d_894,1,5,4,1
Division_1d_895,1,4,7,0
Division_1d_896,1,2,9,0
Division_1d_897,1,4,9,0
Division_1d_898,1,7,6,1
Division_1d_899,1,8,3,2
Division_1d_900,1,5,9,0
Division_1d_901,1,8,7,1
Division_1d_902,1,8,4,2
Division_1d_903,1,3,6,0
Division_1d_904,1,4,2,2
Division_1d_905,1,3,8,0
Division_1d_906,1,9,8,1
Division_1d_907,1,9,4,2
Division_1d_908,1,1,3,0
Division_1d_909,1,5,4,1
Division_1d_910,1,2,3,0
Division_1d_911,1,4,4,1
Division_1d_912,1,9,4,2
Division_1d_913,1,3,8,0
Division_1d_914,1,7,7,1
Division_1d_915,1,2,4,0
Division_1d_916,1,4,4,1
Division_1d_917,1,2,8,0
Division_1d_918,1,6,9,0
Division_1d_919,1,1,3,0
Division_1d_920,1,4,5,0
Division_1d_921,1,6,9,0
Division_1d_922,1,3,5,0
Division_1d_923,1,7,2,3
Division_1d_924,1,6,9,0
Division_1d_925,1,6,5,1
Division_1d_926,1,7,9,0
Division_1d_927,1,8,4,2
Division_1d_928,1,6,3,2
Division_1d_929,1,6,5,1
Division_1d_930,1,5,7,0
Division_1d_931,1,8,2,4
Division_1d_932,1,3,2,1
Division_1d_933,1,1,7,0
Division_1d_934,1,9,3,3
Division_1d_935,1,9,4,2
Division_1d_936,1,9,7,1
Division_1d_937,1,3,4,0
Division_1d_938,1,7,2,3
Division_1d_939,1,2,7,0
Division_1d_940,1,6,5,1
Division_1d_941,1,6,8,0
Division_1d_942,1,2,2,1
Division_1d_943,1,6,5,1
Division_1d_944,1,9,4,2
Division_1d_945,1,1,9,0
Division_1d_946,1,8,2,4
Division_1d_947,1,5,9,0
Division_1d_948,1,7,3,2
Division_1d_949,1,5,4,1
Division_1d_950,1,2,3,0
Division_1d_951,1,3,8,0
Division_1d_952,1,2,7,0
Division_1d_953,1,2,2,1
Division_1d_954,1,1,6,0
Division_1d_955,1,6,6,1
Division_1d_956,1,5,4,1
Division_1d_957,1,3,3,1
Division_1d_958,1,9,6,1
Division_1d_959,1,7,9,0
Division_1d_960,1,7,5,1
Division_1d_961,1,7,6,1
Division_1d_962,1,4,8,0
Division_1d_963,1,6,9,0
Division_1d_964,1,2,6,0
Division_1d_965,1,6,3,2
Division_1d_966,1,3,7,0
Division_1d_967,1,8,8,1
Division_1d_968,1,6,3,2
Division_1d_969,1,9,6,1
Division_1d_970,1,9,4,2
Division_1d_971,1,5,5,1
Division_1d_972,1,8,3,2
Division_1d_973,1,5,7,0
Division_1d_974,1,6,2,3
Division_1d_975,1,5,5,1
Division_1d_976,1,4,7,0
Division_1d_977,1,9,6,1
Division_1d_978,1,3,3,1
Division_1d_979,1,5,2,2
Division_1d_980,1,7,2,3
Division_1d_981,1,7,8,0
Division_1d_982,1,9,7,1
Division_1d_983,1,2,8,0
Division_1d_984,1,7,6,1
Division_1d_985,1,2,2,1
Division_1d_986,1,6,9,0
Division_1d_987,1,7,5,1
Division_1d_988,1,5,7,0
Division_1d_989,1,3,7,0
Division_1d_990,1,1,7,0
Division_1d_991,1,4,2,2
Division_1d_992,1,7,3,2
Division_1d_993,1,1,3,0
Division_1d_994,1,7,3,2
Division_1d_995,1,1,8,0
Division_1d_996,1,5,6,0
Division_1d_997,1,7,2,3
Division_1d_998,1,6,8,0
Division_1d_999,1,6,7,0
Division_1d_1000,1,6,5,1
